station_name,address
本庄早稲田,
上毛高原,
ガーラ湯沢,
安中榛名,
軽井沢,
上田,
上越妙高,
白石蔵王,
くりこま高原,
水沢江刺,
いわて沼宮内,岩手郡岩手町大字江刈内
二戸,二戸市石切所
七戸十和田,
羽沢横浜国大,
来宮,
伊豆多賀,
網代,
宇佐美,
伊東,伊東市湯川３丁目
八戸,八戸市尻内町
新庄,新庄市多門町
泉田,新庄市大字泉田
羽前豊里,最上郡鮭川村大字石名坂
真室川,最上郡真室川町大字新町
釜淵,最上郡真室川町大字釜淵
大滝,最上郡真室川町大字大滝
及位,最上郡真室川町大字及位
院内,湯沢市上院内
横堀,湯沢市小野
三関,湯沢市上関
上湯沢,湯沢市関口
湯沢,湯沢市表町
下湯沢,湯沢市成沢
十文字,横手市十文字町字大道東
醍醐,横手市平鹿町醍醐
柳田,横手市柳田
横手,横手市駅前町
後三年,仙北郡美郷町飯詰
飯詰,仙北郡美郷町上深井
大曲,大仙市大曲通町
神宮寺,大仙市神宮寺
刈和野,大仙市刈和野
峰吉川,大仙市協和峰吉川
羽後境,大仙市協和境
大張野,秋田市河辺神内
和田,秋田市河辺和田
四ツ小屋,秋田市四ツ小屋
秋田,秋田市中通７丁目
泉外旭川,秋田市泉菅野二丁目18番
土崎,秋田市土崎港中央６丁目
上飯島,秋田市飯島
追分,秋田市金足追分
大久保(秋田),潟上市昭和大久保
羽後飯塚,潟上市飯田川飯塚
井川さくら,南秋田郡井川町浜井川
八郎潟,南秋田郡八郎潟町字中田
鯉川,山本郡三種町鯉川
鹿渡,山本郡三種町鹿渡
森岳,山本郡三種町森岳
北金岡,山本郡三種町志戸橋
東能代,能代市鰄渕
鶴形,能代市字鶴形
富根,能代市二ツ井町飛根
二ツ井,能代市二ツ井町太田面
前山,北秋田市前山
鷹ノ巣,北秋田市松葉町
糠沢,北秋田市綴子
早口,大館市早口
下川沿,大館市川口
大館,大館市御成町１丁目
白沢,大館市白沢
陣場,大館市大字長走
津軽湯の沢,平川市碇ケ関
碇ケ関,青森県平川市碇ヶ関高田13
長峰,南津軽郡大鰐町大字長峰
大鰐温泉,南津軽郡大鰐町大字大鰐字前田
石川,青森県弘前市大字石川字野崎25-2
弘前,弘前市表町
撫牛子,弘前市大字撫牛子
川部,南津軽郡田舎館村大字川部
北常盤,南津軽郡藤崎町常盤
浪岡,青森市浪岡浪岡
大釈迦,青森市浪岡大釈迦
鶴ケ坂,青森県青森市大字鶴ケ坂字川合91-3
津軽新城,青森市大字新城
新青森,青森県青森市大字石江字高間140-2
青森,青森市柳川１丁目
野辺地,上北郡野辺地町大字野辺地
北野辺地,上北郡野辺地町大字野辺地
有戸,上北郡野辺地町大字有戸
吹越,上北郡横浜町字吹越
陸奥横浜,上北郡横浜町字舘の後
有畑,上北郡横浜町字有畑
近川,むつ市大字奥内
金谷沢,むつ市大字奥内
赤川,むつ市赤川町
下北,むつ市下北町
大湊,むつ市大湊新町
能代,秋田県能代市元町14-40
向能代,能代市落合
北能代,能代市竹生
鳥形,能代市坂形
沢目,山本郡八峰町峰浜水沢
東八森,山本郡八峰町八森八森
八森,山本郡八峰町八森中浜
滝ノ間,山本郡八峰町八森滝ノ間
あきた白神,山本郡八峰町八森御所の台
岩館,山本郡八峰町八森釜の上
大間越,西津軽郡深浦町大間越
白神岳登山口,西津軽郡深浦町黒崎
松神,西津軽郡深浦町松神
十二湖,西津軽郡深浦町松神
陸奥岩崎,西津軽郡深浦町岩崎
陸奥沢辺,西津軽郡深浦町沢辺
ウェスパ椿山,西津軽郡深浦町大字舮作字鍋石２２６-１
艫作,西津軽郡深浦町大字舮作
横磯,西津軽郡深浦町大字横磯
深浦,西津軽郡深浦町大字深浦
広戸,西津軽郡深浦町大字広戸
追良瀬,西津軽郡深浦町大字追良瀬
驫木,西津軽郡深浦町大字驫木
風合瀬,西津軽郡深浦町大字風合瀬
大戸瀬,西津軽郡深浦町大字田野沢
千畳敷,西津軽郡深浦町大字北金ケ沢
北金ケ沢,青森県西津軽郡深浦町大字関字栃沢92
陸奥柳田,西津軽郡深浦町大字柳田
陸奥赤石,西津軽郡鰺ヶ沢町赤石町
鰺ケ沢,青森県西津軽郡鰺ヶ沢町大字舞戸町字下富田36-2
鳴沢,西津軽郡鰺ヶ沢町北浮田町
越水,つがる市森田町大館
陸奥森田,つがる市森田町床舞
中田,つがる市森田町中田
木造,つがる市木造房松
五所川原,五所川原市字大町
陸奥鶴田,北津軽郡鶴田町大字鶴田
鶴泊,北津軽郡鶴田町大字鶴泊
板柳,北津軽郡板柳町大字福野田
林崎,南津軽郡藤崎町大字林崎
藤崎,南津軽郡藤崎町大字藤崎
油川,青森市大字羽白
津軽宮田,青森市大字奥内
奥内,青森市大字清水
左堰,青森市大字左堰
後潟,青森市大字六枚橋
中沢,青森市大字四戸橋
蓬田,東津軽郡蓬田村大字阿弥陀川
郷沢,東津軽郡蓬田村大字郷沢
瀬辺地,東津軽郡蓬田村大字瀬辺地
蟹田,東津軽郡外ヶ浜町蟹田
中小国,東津軽郡外ヶ浜町蟹田小国
大平,東津軽郡外ヶ浜町字蟹田大平
津軽二股,東津軽郡今別町大字大川平
大川平,東津軽郡今別町大字大川平
今別,東津軽郡今別町大字今別
津軽浜名,東津軽郡今別町大字浜名
三厩,東津軽郡外ヶ浜町三厩東町
長苗代,八戸市大字長苗代
本八戸,八戸市内丸１
小中野,八戸市大字小中野町
陸奥湊,八戸市大字湊町
白銀,八戸市大字白銀
鮫,八戸市大字鮫町
陸奥白浜,八戸市大字鮫町
種差海岸,八戸市大字鮫町
大久喜,八戸市大字鮫町
金浜,八戸市大字金浜字金浜
大蛇,三戸郡階上町大字道仏
階上,三戸郡階上町大字道仏
角の浜,九戸郡洋野町種市第３９地割角浜
平内,九戸郡洋野町種市第３６地割
種市,九戸郡洋野町種市第２３地割
玉川,九戸郡洋野町種市第１３地割
宿戸,九戸郡洋野町種市第７地割
陸中八木,九戸郡洋野町種市第１地割
有家,九戸郡洋野町有家
陸中中野,九戸郡洋野町中野
侍浜,久慈市侍浜町字堀切
陸中夏井,久慈市夏井町字大崎
久慈,久慈市中央３
茂市,宮古市茂市
一ノ関,一関市駅前
真滝,一関市滝沢
陸中門崎,一関市川崎町門崎
岩ノ下,一関市東山町松川
陸中松川,一関市東山町松川
猊鼻渓,一関市東山町長坂
柴宿,一関市東山町長坂
摺沢,一関市大東町摺沢
千厩,一関市千厩町千厩
小梨,一関市千厩町清田
矢越,一関市室根町矢越
折壁,一関市室根町折壁
新月,一関市室根町折壁
気仙沼,気仙沼市古町
花巻,花巻市大通り
似内,花巻市上似内
新花巻,花巻市矢沢第１０地割
小山田,花巻市幸田
土沢,花巻市東和町土沢
晴山,花巻市東和町東晴山
岩根橋,遠野市宮守町下宮守
宮守,遠野市宮守町下宮守
柏木平,遠野市宮守町下鱒沢
鱒沢,遠野市宮守町下鱒沢
荒谷前,遠野市宮守町上鱒沢
岩手二日町,遠野市綾織町下綾織
綾織,遠野市綾織町新里
遠野,遠野市新穀町
青笹,遠野市青笹町青笹
岩手上郷,遠野市上郷町板沢
平倉,遠野市上郷町平倉
足ケ瀬,岩手県遠野市上郷町細越38
上有住,気仙郡住田町上有住
陸中大橋,釜石市甲子町
洞泉,釜石市甲子町
松倉,釜石市甲子町
小佐野,釜石市小佐野町１
釜石,釜石市鈴子町
北上,北上市大通り１丁目
柳原,北上市柳原町１丁目
江釣子,北上市上江釣子
藤根,北上市和賀町藤根
立川目,北上市和賀町竪川目
横川目,北上市和賀町横川目
岩沢,北上市和賀町岩沢
和賀仙人,北上市和賀町仙人
ゆだ錦秋湖,和賀郡西和賀町耳取４９地割
ほっとゆだ,和賀郡西和賀町川尻４０地割
ゆだ高原,和賀郡西和賀町白木野６７地割
黒沢,秋田県横手市山内黒沢字蒲坂57
小松川,横手市山内小松川
相野々,横手市山内土渕
盛岡,盛岡市盛岡駅前通
大釜,岩手県滝沢市篠木明法
小岩井,岩手県滝沢市大釜風林19-2
雫石,岩手郡雫石町寺の下
春木場,岩手郡雫石町大字上野
赤渕,岩手郡雫石町大字御明神
田沢湖,仙北市田沢湖生保内
刺巻,仙北市田沢湖刺巻
神代,仙北市田沢湖卒田
生田,仙北市田沢湖神代
角館,仙北市角館町岩瀬
鶯野,大仙市下鶯野
羽後長野,大仙市長野
鑓見内,大仙市鑓見内
羽後四ツ屋,大仙市四ツ屋
北大曲,大仙市四ツ屋
好摩,盛岡市玉山区好摩
東大更,八幡平市大更
大更,八幡平市大更
平館,八幡平市平舘
北森,八幡平市野駄
松尾八幡平,八幡平市松尾
安比高原,八幡平市松尾前森官有地
赤坂田,八幡平市赤坂田
小屋の畑,八幡平市保戸坂
荒屋新町,八幡平市荒屋新町
横間,八幡平市打田内
田山,八幡平市石名坂
兄畑,八幡平市沖ノ平
湯瀬温泉,鹿角市八幡平湯瀬
八幡平,鹿角市八幡平小山
陸中大里,鹿角市八幡平長田
鹿角花輪,鹿角市花輪下中島
柴平,鹿角市花輪鶴田
十和田南,鹿角市十和田錦木
末広,鹿角市十和田末広
土深井,鹿角市十和田末広土深井字下向
沢尻,大館市十二所
十二所,大館市十二所
大滝温泉,大館市十二所上川代
扇田,大館市比内町扇田
東大館,大館市常盤木町
上盛岡,盛岡市本町通３
山岸,盛岡市山岸２
上米内,盛岡市上米内字中居
区界,岩手県宮古市区界第1地割1009
松草,岩手県宮古市区界第4地割28
平津戸,岩手県宮古市平津戸
川内,岩手県宮古市川内第6地割48-3
箱石,岩手県宮古市箱石
陸中川井,岩手県宮古市川井第5地割102-10
腹帯,宮古市腹帯
蟇目,宮古市蟇目
花原市,宮古市大字花原市
千徳,宮古市大字千徳町
宮古,宮古市栄町
新津,新潟市秋葉区新津本町１丁目
京ケ瀬,新潟県阿賀野市小河原453
水原,阿賀野市下条
神山,阿賀野市榎船渡
月岡,新発田市大字本田字中谷内
中浦,新発田市大字下飯塚
新発田,新発田市諏訪町１丁目
加治,新発田市下中
金塚,新発田市下小中山
中条,胎内市表町
平木田,胎内市平木田
坂町,村上市坂町
平林,村上市宿田
岩船町,村上市小口川
村上,村上市大字田端町
間島,村上市大字間島
越後早川,村上市大字早川字上境
桑川,村上市桑川
今川,村上市今川
越後寒川,村上市寒川
勝木,村上市勝木
府屋,村上市府屋
鼠ケ関,山形県鶴岡市鼠ヶ関乙156-2
小岩川,鶴岡市小岩川
あつみ温泉,鶴岡市温海
五十川,鶴岡市五十川
小波渡,鶴岡市大字小波渡
三瀬,鶴岡市大字三瀬
羽前水沢,鶴岡市大字大広字山崎
羽前大山,鶴岡市大山１丁目
鶴岡,鶴岡市末広町１丁目
藤島,鶴岡市上藤島
西袋,東田川郡庄内町西袋
余目,東田川郡庄内町沢田
北余目,東田川郡庄内町平岡
砂越,酒田市砂越
東酒田,酒田市大町
酒田,酒田市幸町１丁目
本楯,酒田市大字本楯
南鳥海,酒田市大字米島
遊佐,飽海郡遊佐町大字遊佐町
吹浦,飽海郡遊佐町大字吹浦
女鹿,飽海郡遊佐町大字吹浦
小砂川,にかほ市象潟町小砂川
上浜,にかほ市象潟町洗釜
象潟,にかほ市象潟町家の後
金浦,にかほ市金浦
仁賀保,にかほ市平沢
西目,由利本荘市西目町沼田
羽後本荘,由利本荘市西梵天
羽後岩谷,由利本荘市岩谷町
折渡,由利本荘市岩城上黒川
羽後亀田,由利本荘市松ケ崎
岩城みなと,由利本荘市岩城内道川
道川,由利本荘市岩城内道川
下浜,秋田市下浜羽川
桂根,秋田市下浜桂根
新屋,秋田市新屋扇町
羽後牛島,秋田市牛島西１丁目
出戸浜,潟上市天王
上二田,潟上市天王
二田,潟上市天王
天王,潟上市天王
船越,男鹿市船越字狐森
脇本,男鹿市脇本字曲田
羽立,男鹿市船川港比詰字大巻
男鹿,男鹿市船川港船川字新浜町
福島,福島市栄町
笹木野,福島市笹木野字金谷東
庭坂,福島市町庭坂字狐林
板谷,米沢市大字板谷
峠,米沢市大字大沢字峠
大沢,米沢市大字大沢字峠
関根,米沢市大字関根
米沢,米沢市駅前１丁目
置賜,米沢市大字浅川
高畠,東置賜郡高畠町大字福沢
赤湯,南陽市郡山
中川,南陽市小岩沢
羽前中山,上山市中山
かみのやま温泉,上山市矢来
茂吉記念館前,上山市北町弁天
蔵王,山形市大字松原
山形,山形市香澄町１丁目
北山形,山形市宮町１丁目
羽前千歳,山形市長町２丁目
南出羽,山形市七浦
漆山,山形市大字漆山
高擶,天童市大字高擶
天童南,山形県天童市南町三丁目
天童,天童市本町１
乱川,天童市大字乱川
神町,東根市神町中央１丁目
さくらんぼ東根,東根市大字蟹沢字鳥居崎１７４５番１
東根,東根市大字東根甲
村山,村山市大字楯岡新町１丁目１０番地
袖崎,村山市大字土生田
大石田,北村山郡大石田町大石田
北大石田,北村山郡大石田町鷹巣
芦沢,尾花沢市芦沢
舟形,最上郡舟形町
仙台,仙台市青葉区中央一丁目1-1
東照宮,仙台市青葉区宮町５
北仙台,仙台市青葉区昭和町
北山,仙台市青葉区北山２
東北福祉大前,仙台市青葉区国見１丁目２２２番地５号
国見,仙台市青葉区荒巻字坊主門
葛岡,仙台市青葉区郷六字葛岡下
陸前落合,仙台市青葉区下愛子森下
愛子,仙台市青葉区上愛子上町
陸前白沢,仙台市青葉区上愛子大道
熊ケ根,仙台市青葉区熊ヶ根字檀の原一番
作並,仙台市青葉区作並字相の沢
奥新川,仙台市青葉区新川字岳山
面白山高原,山形市大字山寺
山寺,山形市大字山寺
高瀬,山形市大字下東山
楯山,山形市大字風間
東金井,山形市陣場３丁目
羽前山辺,東村山郡山辺町大字山辺
羽前金沢,東村山郡中山町金沢
羽前長崎,東村山郡中山町長崎
南寒河江,寒河江市字島
寒河江,寒河江市本町１丁目
西寒河江,寒河江市字六供町
羽前高松,寒河江市大字八鍬
柴橋,寒河江市大字柴橋
左沢,西村山郡大江町左沢
南米沢,米沢市本町１丁目
西米沢,米沢市直江町
成島,米沢市広幡町成島
中郡,東置賜郡川西町大字時田
羽前小松,東置賜郡川西町大字上小松
犬川,東置賜郡川西町大字小松
今泉,長井市今泉
萩生,西置賜郡飯豊町大字萩生
羽前椿,西置賜郡飯豊町大字椿
手ノ子,西置賜郡飯豊町大字手ノ子
羽前沼沢,西置賜郡小国町大字百子沢
伊佐領,西置賜郡小国町大字伊佐領
羽前松岡,西置賜郡小国町大字松岡
小国,西置賜郡小国町大字岩井沢
越後金丸,岩船郡関川村大字金丸
越後片貝,岩船郡関川村大字片貝
越後下関,岩船郡関川村大字下関
越後大島,岩船郡関川村大字大島
升形,新庄市大字升形字下夕野
羽前前波,新庄市大字升形字前波
津谷,最上郡戸沢村大字津谷
古口,最上郡戸沢村大字古口
高屋,最上郡戸沢村大字古口字高屋番外地
清川,東田川郡庄内町清川
狩川,東田川郡庄内町狩川
南野,東田川郡庄内町南野
小牛田,遠田郡美里町藤ケ崎
北浦,遠田郡美里町北浦
陸前谷地,遠田郡美里町北浦
古川,大崎市古川駅前大通り１丁目
塚目,大崎市古川塚目字金皿
西古川,大崎市古川新堀字旭町
東大崎,大崎市古川大崎伏見余在下
西大崎,大崎市岩出山下野目字小泉
岩出山,大崎市岩出山字東川原
有備館,大崎市岩出山上川原町９-１
上野目,大崎市岩出山下一栗字熊野堂
池月,大崎市岩出山池月字下宮白山
川渡温泉,大崎市鳴子温泉字田中
鳴子御殿湯,大崎市鳴子温泉字鷲ノ巣
鳴子温泉,大崎市鳴子温泉湯元
中山平温泉,大崎市鳴子温泉星沼
堺田,最上郡最上町大字堺田
赤倉温泉,最上郡最上町富澤
立小路,最上郡最上町立小路
最上,最上郡最上町大字向町
大堀,最上郡最上町字志茂
鵜杉,最上郡最上町志茂字鵜杉
瀬見温泉,最上郡最上町字瀬見
東長沢,最上郡舟形町長沢字巾
長沢,最上郡舟形町長沢字巾
南新庄,新庄市大字鳥越
あおば通,仙台市青葉区中央３丁目２番１号
榴ケ岡,仙台市宮城野区榴岡五丁目11-1
宮城野原,仙台市宮城野区宮城野２丁目
陸前原ノ町,仙台市宮城野区五輪２
苦竹,仙台市宮城野区苦竹１丁目
小鶴新田,仙台市宮城野区原町苦竹字北谷地４７
福田町,仙台市宮城野区福田町１
陸前高砂,仙台市宮城野区福室前田
中野栄,仙台市宮城野区栄４
多賀城,多賀城市中央２
下馬,多賀城市下馬２
西塩釜,塩竈市錦町
本塩釜,塩竈市海岸通
東塩釜,塩竈市藤倉３
陸前浜田,宮城郡利府町浜田
松島海岸,宮城郡松島町浪打浜
高城町,宮城郡松島町高城字元釜家
手樽,宮城郡松島町手樽
陸前富山,宮城郡松島町手樽早川
陸前大塚,東松島市大塚
東名,東松島市大塚北林下
野蒜,東松島市野蒜
陸前小野,東松島市牛網上江戸原
鹿妻,東松島市矢本
矢本,東松島市矢本河戸
東矢本,東松島市矢本下浦
陸前赤井,東松島市赤井字川前
石巻あゆみ野,石巻市門脇
蛇田,石巻市蛇田字下谷地
陸前山下,石巻市錦町
石巻,石巻市鋳銭場
上涌谷,遠田郡涌谷町掃部字沖名
涌谷,遠田郡涌谷町新町裏
前谷地,石巻市前谷地
佳景山,石巻市鹿又
鹿又,石巻市鹿又
曽波神,石巻市鹿又
陸前稲井,石巻市井内滝ノ口
渡波,石巻市渡波町１丁目
万石浦,石巻市流留字垂水
沢田,石巻市沢田字沢田
浦宿,牡鹿郡女川町大字浦宿浜
女川,牡鹿郡女川町大字女川浜字大原
和渕,石巻市和渕
のの岳,遠田郡涌谷町猪岡短台字大谷地
陸前豊里,登米市豊里町上屋浦
御岳堂,登米市豊里町大沢沼田
柳津,登米市津山町谷木
郡山,郡山市燧田
郡山富田,福島県郡山市富田町満水田
喜久田,郡山市喜久田町堀之内字椚内
安子ケ島,福島県郡山市熱海町安子島字出シ8
磐梯熱海,郡山市熱海町熱海４
中山宿,郡山市熱海町中山字早稲田
上戸,耶麻郡猪苗代町大字山潟字江愛山
猪苗代湖畔,耶麻郡猪苗代町大字壺楊字南浜
関都,耶麻郡猪苗代町大字関都字南切立
川桁,耶麻郡猪苗代町大字川桁字新町
猪苗代,耶麻郡猪苗代町大字千代田字扇田
翁島,耶麻郡猪苗代町大字磐根中
磐梯町,耶麻郡磐梯町大字磐梯字東松山
東長原,会津若松市河東町熊野堂
広田,会津若松市河東町広田
会津若松,会津若松市駅前町
堂島,会津若松市河東町郡山
笈川,河沼郡湯川村字松川
塩川,喜多方市塩川町石橋
姥堂,喜多方市塩川町新井田谷地
会津豊川,喜多方市豊川町一井字三百刈
喜多方,喜多方市字町田下
山都,喜多方市山都町広野字西原
荻野,喜多方市高郷町上郷字馬場頭
尾登,耶麻郡西会津町登世島
野沢,耶麻郡西会津町野沢
上野尻,耶麻郡西会津町上野尻
徳沢,耶麻郡西会津町大字群岡字徳沢
豊実,東蒲原郡阿賀町豊実
日出谷,東蒲原郡阿賀町日出谷
鹿瀬,東蒲原郡阿賀町向鹿瀬
津川,東蒲原郡阿賀町
三川,東蒲原郡阿賀町
五十島,東蒲原郡阿賀町五十島
東下条,東蒲原郡阿賀町熊渡
咲花,五泉市大字佐取
馬下,五泉市大字馬下
猿和田,五泉市大字土堀
五泉,五泉市駅前１
北五泉,五泉市北五泉駅前
新関,新潟市秋葉区大関
東新津,新潟市秋葉区滝谷町
七日町,会津若松市七日町
西若松,会津若松市材木町１
会津本郷,会津若松市北会津町上米塚
会津高田,大沼郡会津美里町柳台
根岸,大沼郡会津美里町米田根岸
新鶴,大沼郡会津美里町立石田
若宮,河沼郡会津坂下町字若宮
会津坂下,河沼郡会津坂下町字五反田
塔寺,河沼郡会津坂下町気多宮
会津坂本,河沼郡会津坂下町坂本字上新田
会津柳津,河沼郡柳津町柳津字下大平
郷戸,河沼郡柳津町大字郷戸字百刈
滝谷,河沼郡柳津町大字郷戸字居平丁
会津桧原,大沼郡三島町大字桧原
会津西方,大沼郡三島町大字名入字根岸居平
会津宮下,大沼郡三島町大字宮下字田中
早戸,大沼郡三島町大字早戸字小津巻
会津水沼,大沼郡金山町大字水沼字桑畑
会津中川,大沼郡金山町大字中川
会津川口,大沼郡金山町大字川口字森ノ上
本名,大沼郡金山町大字本名
会津越川,大沼郡金山町大字越川
会津横田,大沼郡金山町大字横田
会津大塩,大沼郡金山町大字大塩
会津塩沢,南会津郡只見町大字塩沢字上田
会津蒲生,南会津郡只見町大字蒲生字久保
只見,南会津郡只見町大字只見字上ノ原
大白川,魚沼市大白川
入広瀬,魚沼市大栃山
上条,魚沼市渋川
越後須原,魚沼市須原
魚沼田中,魚沼市田中
越後広瀬,魚沼市並柳
藪神,魚沼市今泉
小出,魚沼市四日町
いわき,いわき市平字田町
赤井,いわき市平赤井
小川郷,いわき市小川町高萩
江田,いわき市小川町上小川字江田
川前,いわき市川前町大字川前字中の萱
夏井,田村郡小野町大字夏井字町屋
小野新町,田村郡小野町大字谷津作字平館
神俣,田村市滝根町神俣
菅谷,田村市滝根町菅谷
大越,田村市大越町上大越
磐城常葉,田村市船引町今泉字田中
船引,田村市船引町船引
要田,田村市船引町要田
三春,田村郡三春町大字平沢字担橋
舞木,郡山市舞木町字平
黒磯,那須塩原市本町
高久,那須郡那須町大字高久甲西久保７２０-４
黒田原,那須郡那須町大字寺子丙
豊原,那須郡那須町大字豊原
白坂,白河市白坂
新白河,西白河郡西郷村小田倉
白河,白河市字郭内
久田野,白河市大字久田野字田中
泉崎,西白河郡泉崎村大字泉崎字館
矢吹,西白河郡矢吹町中町
鏡石,岩瀬郡鏡石町大字笠石字中央
須賀川,須賀川市中山
安積永盛,郡山市笹川３丁目
日和田,郡山市日和田町字小堰
五百川,本宮市荒井字新介
本宮,本宮市本宮字九縄
杉田,二本松市杉田町１丁目
二本松,二本松市本町２丁目
安達,二本松市油井字古屋敷
松川,福島市松川町字原
金谷川,福島市松川町関谷字坂下
南福島,福島市永井川字壇ノ腰
東福島,福島市宮代字段ノ腰
伊達,伊達市細谷
桑折,伊達郡桑折町大字南半田字六角
藤田,伊達郡国見町大字山崎字北町田
貝田,伊達郡国見町大字貝田字竹ノ根
越河,白石市越河五賀字海道下
白石,白石市字沢目
東白石,白石市白川内親字阿久土
北白川,白石市白川津田字下谷地
大河原,柴田郡大河原町大谷字向
船岡,柴田郡柴田町船岡中央１丁目
槻木,柴田郡柴田町大字槻木字畑中
岩沼,岩沼市館下１丁目
館腰,名取市植松４丁目
名取,名取市増田２丁目５番地１
南仙台,仙台市太白区中田町５丁目
太子堂,仙台市太白区太子堂１丁目２０番地
長町,仙台市太白区長町５丁目
東仙台,仙台市宮城野区東仙台１丁目
岩切,仙台市宮城野区岩切字洞ノ口
新利府,宮城郡利府町字谷地脇
利府,宮城郡利府町森郷柱田
陸前山王,多賀城市山王字干刈田
国府多賀城,多賀城市浮島一丁目１-２６６
塩釜,塩竈市東玉川町
松島,宮城郡松島町松島字小梨屋
愛宕,宮城郡松島町松島字三居山
品井沼,宮城郡松島町幡谷鹿渡
鹿島台,大崎市鹿島台平渡字銭神
松山町,大崎市松山金谷字赤沼上
田尻,大崎市田尻沼部字塩加良
瀬峰,栗原市瀬峰下田
梅ケ沢,宮城県登米市迫町新田字外沢田53
新田,登米市迫町新田
石越,登米市石越町南郷
油島,一関市花泉町油島
花泉,一関市花泉町花泉
清水原,一関市花泉町花泉
有壁,栗原市金成
山ノ目,一関市山目町３丁目
平泉,西磐井郡平泉町平泉
前沢,奥州市前沢区三日町新裏
陸中折居,奥州市水沢区真城
水沢,奥州市水沢区中町
金ケ崎,岩手県胆沢郡金ケ崎町西根杉土手2-1
六原,胆沢郡金ケ崎町大字三ケ尻
村崎野,北上市飯豊町字村崎野
花巻空港,花巻市二枚橋
石鳥谷,花巻市石鳥谷町好地
日詰,紫波郡紫波町北日詰
紫波中央,紫波郡紫波町日詰字中新田３４６番地
古館,紫波郡紫波町中島
矢幅,紫波郡矢巾町大字又兵エ新田
岩手飯岡,盛岡市永井
仙北町,盛岡市仙北２丁目
東京,東京都千代田区丸の内一丁目
新橋,東京都港区新橋二丁目17
品川,東京都港区高輪三丁目26-27
川崎,川崎市川崎区駅前本町
横浜,横浜市西区高島２丁目
戸塚,横浜市戸塚区戸塚町
大船,鎌倉市大船１丁目
藤沢,藤沢市藤沢
辻堂,藤沢市辻堂
茅ケ崎,神奈川県茅ヶ崎市元町1-1
平塚,平塚市宝町
大磯,中郡大磯町東小磯
二宮,中郡二宮町二宮
国府津,小田原市国府津４丁目
鴨宮,小田原市鴨宮
小田原,小田原市栄町１丁目
早川,小田原市早川１丁目
根府川,小田原市根府川
真鶴,足柄下郡真鶴町真鶴
湯河原,足柄下郡湯河原町宮下
熱海,熱海市田原本町
大崎,東京都品川区大崎一丁目21-4
五反田,東京都品川区東五反田一丁目26
目黒,東京都品川区上大崎二丁目16-9
恵比寿,東京都渋谷区恵比寿南一丁目5-5
渋谷,東京都渋谷区道玄坂一丁目1-1
原宿,東京都渋谷区神宮前一丁目18
代々木,東京都渋谷区代々木一丁目34-1
新宿,東京都新宿区新宿三丁目38-1
新大久保,東京都新宿区百人町一丁目10-15
高田馬場,東京都新宿区高田馬場一丁目35-1
目白,東京都豊島区目白三丁目3-1
池袋,東京都豊島区南池袋一丁目28-2
大塚,東京都豊島区南大塚三丁目33-1
巣鴨,東京都豊島区巣鴨一丁目16-1
駒込,東京都豊島区駒込二丁目1-1
田端,東京都北区東田端一丁目17-1
西日暮里,東京都荒川区西日暮里五丁目22-1
日暮里,東京都荒川区西日暮里二丁目19-1
鶯谷,東京都台東区根岸一丁目4-1
上野,東京都台東区上野七丁目1-1
御徒町,東京都台東区上野五丁目27
秋葉原,東京都千代田区外神田一丁目17
神田,東京都千代田区鍛冶町二丁目13-1
有楽町,東京都千代田区有楽町二丁目9
浜松町,東京都港区海岸一丁目3-1
田町,東京都港区芝五丁目33-36
高輪ゲートウェイ,港区港南二丁目10-145
尻手,川崎市幸区南幸町３丁目
矢向,横浜市鶴見区矢向６丁目
鹿島田,川崎市幸区鹿島田
平間,川崎市中原区田尻町
向河原,川崎市中原区下沼部
武蔵小杉,川崎市中原区小杉町三丁目492
武蔵中原,川崎市中原区上小田中
武蔵新城,川崎市中原区上新城２丁目
武蔵溝ノ口,川崎市高津区溝口
津田山,川崎市高津区下作延
久地,川崎市高津区久地
宿河原,川崎市多摩区宿河原
登戸,川崎市多摩区登戸
中野島,川崎市多摩区中野島
稲田堤,川崎市多摩区菅稲田堤１丁目
矢野口,稲城市矢野口
稲城長沼,稲城市東長沼
南多摩,稲城市大丸
府中本町,府中市本町１丁目
分倍河原,府中市片町２丁目
西府,東京都府中市本宿町一丁目40-6
谷保,国立市谷保町
矢川,国立市谷保石田
西国立,立川市羽衣町１丁目
立川,東京都立川市曙町二丁目1-1
八丁畷,川崎市川崎区池田１丁目
川崎新町,川崎市川崎区渡田山王町
小田栄,川崎市川崎区小田栄
浜川崎,川崎市川崎区南渡田町
鶴見,横浜市鶴見区鶴見中央
国道,横浜市鶴見区生麦５丁目
鶴見小野,横浜市鶴見区小野町
弁天橋,横浜市鶴見区末広町１丁目
浅野,横浜市鶴見区末広町２丁目
新芝浦,横浜市鶴見区末広町２丁目
海芝浦,横浜市鶴見区末広町２丁目
安善,横浜市鶴見区安善町１丁目
大川,川崎市川崎区大川町
武蔵白石,川崎市川崎区白石町
昭和,川崎市川崎区扇町
扇町,川崎市川崎区扇町
北府中,府中市晴見町２丁目
西国分寺,国分寺市西恋ケ窪２丁目
新小平,小平市小川町２丁目
新秋津,東村山市秋津町５丁目
東所沢,所沢市本郷１丁目
新座,新座市野火止５丁目
北朝霞,朝霞市浜崎１丁目
西浦和,さいたま市桜区田島５丁目
武蔵浦和,さいたま市南区別所七丁目12-1
南浦和,さいたま市南区南浦和２丁目
東浦和,さいたま市緑区大牧
東川口,川口市戸塚１丁目
南越谷,越谷市南越谷１丁目
越谷レイクタウン,越谷市大成町５丁目
吉川,吉川市木売１-６-１
吉川美南,埼玉県吉川市
新三郷,三郷市半田
三郷,三郷市三郷
南流山,流山市大字鰭ケ崎
新松戸,松戸市幸谷
新八柱,松戸市日暮
東松戸,千葉県松戸市紙敷
市川大野,市川市大野町３丁目
船橋法典,船橋市藤原１丁目
西船橋,船橋市西船４丁目
東神奈川,横浜市神奈川区東神奈川
大口,横浜市神奈川区大口通
菊名,横浜市港北区菊名７丁目
新横浜,横浜市港北区篠原町
小机,横浜市港北区小机町
鴨居,横浜市緑区鴨居町
中山,横浜市緑区寺山町
十日市場,横浜市緑区十日市場町中里
長津田,横浜市緑区長津田４丁目
成瀬,町田市南成瀬１丁目
町田,町田市原町田１丁目
古淵,相模原市南区古淵二丁目19-1
淵野辺,相模原市中央区淵野辺三丁目5-16
矢部,神奈川県相模原市中央区矢部三丁目
相模原,相模原市中央区相模原一丁目1-3
橋本,神奈川県相模原市緑区橋本六丁目1番25号
相原,町田市相原町
八王子みなみ野,八王子市宇津貫町
片倉,八王子市片倉町
八王子,東京都八王子市旭町1-1
桜木町,横浜市中区桜木町１丁目
関内,横浜市中区港町１丁目
石川町,横浜市中区石川町２丁目
山手,横浜市中区大和町２丁目
根岸,横浜市磯子区東町
磯子,横浜市磯子区森１丁目
新杉田,横浜市磯子区新杉田町
洋光台,横浜市磯子区洋光台３丁目
港南台,横浜市港南区港南台３丁目
本郷台,横浜市栄区小菅ケ谷町
西大井,品川区西大井１丁目
新川崎,川崎市幸区鹿島田
保土ケ谷,横浜市保土ケ谷区岩井町
東戸塚,横浜市戸塚区品濃町
北鎌倉,鎌倉市山ノ内
鎌倉,鎌倉市小町１丁目
逗子,逗子市逗子１丁目
東逗子,逗子市沼間１丁目
田浦,横須賀市田浦町１丁目
横須賀,横須賀市東逸見町１丁目
衣笠,横須賀市衣笠栄町２丁目
久里浜,横須賀市久里浜１丁目
北茅ケ崎,神奈川県茅ヶ崎市茅ヶ崎三丁目3-1
香川,茅ヶ崎市香川
寒川,高座郡寒川町岡田
宮山,高座郡寒川町宮山
倉見,高座郡寒川町倉見
門沢橋,海老名市門沢橋
社家,海老名市社家
厚木,海老名市河原口
海老名,海老名市上郷
入谷,神奈川県座間市入谷西五丁目45番1号
相武台下,相模原市南区新戸1940
下溝,相模原市南区下溝1364
原当麻,相模原市南区当麻1288-1
番田,相模原市中央区上溝378
上溝,相模原市中央区上溝七丁目19-13
南橋本,相模原市中央区南橋本二丁目4-17
四ツ谷,東京都新宿区四谷一丁目
吉祥寺,東京都武蔵野市吉祥寺南町
三鷹,東京都三鷹市下連雀三丁目46-1
国分寺,東京都国分寺市本町二丁目1-23
日野,日野市大坂上１丁目
豊田,日野市豊田４丁目
西八王子,八王子市千人町２丁目
高尾,八王子市高尾町
相模湖,相模原市緑区与瀬1395
藤野,相模原市緑区小渕1698
上野原,上野原市新田
四方津,上野原市四方津
梁川,大月市梁川町綱の上
鳥沢,大月市富浜町鳥沢
猿橋,大月市猿橋町殿上
大月,大月市大月１丁目
初狩,大月市初狩町下初狩
笹子,大月市笹子町黒野田
甲斐大和,甲州市大和町初鹿野
勝沼ぶどう郷,甲州市勝沼町菱山
塩山,甲州市塩山上於曽
東山梨,山梨市三ケ所
山梨市,山梨市上神内川
春日居町,笛吹市春日居町別田
石和温泉,笛吹市石和町松本
酒折,甲府市酒折町１丁目
甲府,甲府市丸の内１丁目
竜王,甲斐市竜王新町
塩崎,甲斐市下今井
韮崎,韮崎市若宮１丁目
新府,韮崎市中田町中條
穴山,韮崎市穴山町
日野春,北杜市長坂町富岡
長坂,北杜市長坂町長坂上条
小淵沢,北杜市小淵沢町尾根１０２４
信濃境,諏訪郡富士見町境字信濃境
富士見,諏訪郡富士見町富士見
すずらんの里,諏訪郡富士見町富士見
青柳,長野県茅野市ちの3506
茅野,長野県茅野市ちの3506
上諏訪,諏訪市諏訪１丁目
下諏訪,諏訪郡下諏訪町広瀬町
岡谷,岡谷市本町１丁目
みどり湖,塩尻市大字上西条
川岸,岡谷市川岸東３-１５-２５
辰野,上伊那郡辰野町大字辰野
信濃川島,上伊那郡辰野町川島
小野,上伊那郡辰野町小野
塩尻,塩尻市大門八番町９-１
御茶ノ水,千代田区神田駿河台２丁目
中野,中野区中野５丁目
高円寺,杉並区高円寺南４丁目
阿佐ケ谷,東京都杉並区阿佐谷南三丁目36-3
荻窪,杉並区上荻１丁目
西荻窪,杉並区西荻南３丁目
武蔵境,武蔵野市境１丁目
東小金井,小金井市梶野町５丁目
武蔵小金井,小金井市本町６丁目
国立,国立市北１丁目
東中野,中野区東中野４丁目
大久保(東京),新宿区百人町１丁目
千駄ケ谷,東京都渋谷区千駄ヶ谷一丁目35-10
信濃町,新宿区信濃町
市ケ谷,東京都新宿区市谷田町一丁目1
飯田橋,東京都千代田区飯田橋四丁目10-2
水道橋,千代田区三崎町２丁目
浅草橋,台東区浅草橋１丁目
両国,墨田区横網１丁目
錦糸町,墨田区江東橋３丁目
亀戸,江東区亀戸５丁目
平井,江戸川区平井３丁目
新小岩,葛飾区新小岩１丁目
小岩,江戸川区南小岩７丁目
市川,市川市市川１丁目
本八幡,市川市八幡２丁目
下総中山,船橋市本中山２丁目
船橋,船橋市本町７丁目
東船橋,船橋市東船橋２丁目
津田沼,習志野市津田沼１丁目
幕張本郷,千葉市花見川区幕張本郷１丁目
幕張,千葉市花見川区幕張町５丁目
新検見川,千葉市花見川区南花園
稲毛,千葉市稲毛区稲毛東３丁目
西千葉,千葉市中央区春日２丁目
千葉,千葉市中央区新千葉１丁目
新日本橋,中央区日本橋室町４丁目
馬喰町,中央区日本橋馬喰町１丁目
東千葉,千葉市中央区要町１丁目
都賀,千葉市若葉区都賀３丁目
四街道,四街道市四街道１丁目
物井,四街道市物井
佐倉,佐倉市六崎
南酒々井,印旛郡酒々井町馬橋
榎戸,八街市榎戸
八街,八街市八街ほ
日向,山武市椎崎
成東,山武市津辺
松尾,山武市松尾町五反田
横芝,山武郡横芝光町横芝
飯倉,匝瑳市飯倉
八日市場,匝瑳市八日市場イ
干潟,旭市ニ
旭,旭市ロ
飯岡,旭市後草
倉橋,旭市倉橋
猿田,銚子市猿田町
松岸,銚子市長塚町
銚子,銚子市西芝町１丁目
西立川,立川市富士見町１丁目
東中神,昭島市玉川町１丁目
中神,昭島市朝日町１丁目
昭島,昭島市昭和町２丁目
拝島,昭島市松原町４丁目
牛浜,福生市牛浜
福生,福生市本町
羽村,羽村市羽東１丁目
小作,羽村市小作台
河辺,青梅市河辺町５丁目
東青梅,青梅市東青梅１丁目
青梅,青梅市青梅
宮ノ平,青梅市日向和田２丁目
日向和田,青梅市日向和田３丁目
石神前,青梅市二俣尾１丁目
二俣尾,青梅市二俣尾４丁目
軍畑,青梅市沢井１丁目
沢井,青梅市沢井２丁目
御嶽,青梅市御岳本町
川井,西多摩郡奥多摩町川井
古里,西多摩郡奥多摩町小丹波
鳩ノ巣,西多摩郡奥多摩町棚沢
白丸,西多摩郡奥多摩町白丸
奥多摩,西多摩郡奥多摩町氷川
熊川,福生市熊川北
東秋留,あきる野市野辺
秋川,あきる野市油平
武蔵引田,あきる野市下引田
武蔵増戸,あきる野市伊奈
武蔵五日市,あきる野市舘谷
北八王子,八王子市石川町
小宮,八王子市小宮町
東福生,福生市武蔵野台１丁目
箱根ケ崎,東京都西多摩郡瑞穂町大字箱根ケ崎397
金子,入間市南峯
東飯能,飯能市東町１丁目
高麗川,日高市原宿
毛呂,入間郡毛呂山町字岩井
越生,入間郡越生町字越生
明覚,比企郡ときがわ町番匠
小川町,比企郡小川町大字大塚
竹沢,比企郡小川町大字勝呂
折原,大里郡寄居町大字西ノ入
寄居,大里郡寄居町大字寄居
用土,大里郡寄居町用土
松久,児玉郡美里町大字甘粕
児玉,本庄市児玉町児玉
丹荘,児玉郡神川町大字植竹
群馬藤岡,藤岡市藤岡
北藤岡,藤岡市立石
倉賀野,高崎市倉賀野町
高崎,高崎市八島町
尾久,北区昭和町１丁目
赤羽,北区赤羽１丁目
浦和,さいたま市浦和区高砂１丁目
さいたま新都心,さいたま市大宮区吉敷町４丁目５７番地３
大宮,さいたま市大宮区錦町
土呂,さいたま市北区土呂町１丁目
東大宮,さいたま市見沼区東大宮４丁目
蓮田,蓮田市本町
白岡,埼玉県白岡市小久喜1213
新白岡,埼玉県白岡市野牛1107-4
久喜,久喜市中央２丁目
東鷲宮,埼玉県久喜市西大輪326
栗橋,埼玉県久喜市栗橋北一丁目1-1
古河,古河市本町１丁目
野木,下都賀郡野木町大字丸林
間々田,小山市大字乙女３丁目
小山,小山市城山町
小金井,下野市小金井
自治医大,下野市小金井
石橋,下野市石橋
雀宮,宇都宮市雀宮１丁目
宇都宮,宇都宮市川向町
岡本,宇都宮市下岡本町
宝積寺,塩谷郡高根沢町宝積寺
氏家,さくら市氏家
蒲須坂,さくら市蒲須坂
片岡,矢板市片岡
矢板,矢板市扇町
野崎,大田原市薄葉
西那須野,那須塩原市永田町
那須塩原,那須塩原市大原間
三河島,荒川区西日暮里１丁目
南千住,荒川区南千住４丁目
北千住,足立区千住旭町
綾瀬,足立区綾瀬３丁目
亀有,葛飾区亀有３
金町,葛飾区金町６丁目
松戸,松戸市松戸
北松戸,松戸市上本郷
馬橋,松戸市馬橋
北小金,松戸市小金
南柏,柏市南柏１
柏,柏市柏１
北柏,柏市大字根戸
我孫子,我孫子市本町２丁目
天王台,我孫子市柴崎台１
取手,取手市中央町
藤代,取手市宮和田
龍ケ崎市,龍ケ崎市佐貫町
牛久,牛久市牛久町
ひたち野うしく,牛久市中根町３９５番地２号
荒川沖,土浦市大字荒川沖東２
土浦,土浦市有明町
神立,土浦市神立中央
高浜,石岡市北根本
石岡,石岡市国府１
羽鳥,小美玉市羽鳥
岩間,笠間市下郷
友部,笠間市友部駅前１番
内原,水戸市内原町
赤塚,水戸市赤塚１
偕楽園,水戸市常磐町字神崎
水戸,水戸市宮町１丁目
勝田,ひたちなか市勝田中央
佐和,ひたちなか市大字高場
東海,那珂郡東海村大字舟石川
大甕,日立市大みか町２
常陸多賀,日立市多賀町１
日立,日立市幸町１
小木津,日立市日高町１
十王,日立市十王町友部
高萩,高萩市大字高萩
南中郷,北茨城市中郷町小野矢指
磯原,北茨城市磯原町磯原
大津港,北茨城市大津町北町
勿来,いわき市勿来町関田寺下
植田,いわき市植田町金畑
泉,福島県いわき市泉町滝尻上谷地30
湯本,いわき市常磐湯本町天王崎
内郷,いわき市内郷綴町榎下
草野,いわき市平泉崎
四ツ倉,いわき市四倉町鬼越
久ノ浜,いわき市久之浜町久之浜字北荒蒔
末続,いわき市久之浜町大字末続
広野,双葉郡広野町大字下浅見川
Jヴィレッジ,双葉郡楢葉町大字山田岡字下岩沢1番地2
木戸,双葉郡楢葉町大字山田岡
竜田,双葉郡楢葉町大字井出
富岡,双葉郡富岡町大字仏浜
夜ノ森,双葉郡富岡町大字本岡
大野,双葉郡大熊町大字下野上
双葉,双葉郡双葉町大字長塚
浪江,双葉郡浪江町大字権現堂
桃内,南相馬市小高区耳谷
小高,南相馬市小高区東町１
磐城太田,南相馬市原町区高字金井神
原ノ町,南相馬市原町区旭町２
鹿島,南相馬市鹿島区鹿島
日立木,相馬市赤木字上原田
相馬,相馬市中村字曲田
駒ケ嶺,福島県相馬郡新地町駒ケ嶺字深町21
新地,相馬郡新地町大字谷地小屋
坂元,亘理郡山元町坂元字二又
山下,亘理郡山元町寺字頭無
浜吉田,亘理郡亘理町吉田字流
亘理,亘理郡亘理町道田西
逢隈,亘理郡亘理町逢隈下郡字椿山
板橋,板橋区板橋１丁目
十条,北区上十条１丁目
北赤羽,北区赤羽北２丁目
浮間舟渡,北区浮間４丁目
戸田公園,戸田市本町４丁目
戸田,戸田市新曽字柳原
北戸田,戸田市新曽字芦原
中浦和,さいたま市南区鹿手袋１丁目
南与野,さいたま市中央区鈴谷２丁目
与野本町,さいたま市中央区本町東２丁目
北与野,さいたま市中央区上落合
日進,さいたま市北区日進町２丁目
指扇,さいたま市西区宝来
南古谷,川越市並木
川越,川越市脇田町
西大宮,さいたま市西区大字指扇3582-4
西川越,川越市小ケ谷
的場,川越市的場
笠幡,川越市笠幡上野
武蔵高萩,日高市高萩
宮原,さいたま市北区宮原町３丁目
上尾,上尾市柏座１丁目
北上尾,上尾市原新町
桶川,桶川市南１丁目
北本,北本市北本１丁目
鴻巣,鴻巣市本町１丁目
北鴻巣,鴻巣市赤見台１丁目
吹上,鴻巣市吹上本町１丁目
行田,行田市壱里山町
熊谷,熊谷市筑波２丁目
籠原,熊谷市大字新堀
深谷,深谷市西島町１丁目
岡部,深谷市岡
本庄,本庄市銀座３丁目
神保原,児玉郡上里町大字神保原町
新町,高崎市新町
本千葉,千葉市中央区長洲町１丁目
蘇我,千葉市中央区今井２丁目
鎌取,千葉市緑区鎌取町
誉田,千葉市緑区誉田町２丁目
土気,千葉市緑区土気町
大網,千葉県大網白里市南玉21-7
永田,千葉県大網白里市永田1835
本納,茂原市本納
新茂原,茂原市長尾
茂原,茂原市町保
八積,長生郡長生村岩沼
上総一ノ宮,長生郡一宮町一宮
東浪見,長生郡一宮町東浪見
太東,いすみ市岬町椎木
長者町,いすみ市岬町長者
三門,いすみ市日在
大原,いすみ市大原
浪花,いすみ市小沢
御宿,夷隅郡御宿町須賀
勝浦,勝浦市墨名
鵜原,勝浦市鵜原
上総興津,勝浦市興津
行川アイランド,勝浦市浜行川
安房小湊,鴨川市内浦
安房天津,鴨川市天津
安房鴨川,鴨川市横渚
浜野,千葉市中央区村田町
八幡宿,市原市八幡
五井,市原市五井
姉ケ崎,千葉県市原市姉崎528-2
長浦,袖ケ浦市蔵波
袖ケ浦,千葉県袖ケ浦市奈良輪1198
巌根,木更津市岩根３丁目
木更津,木更津市富士見１丁目
君津,君津市東坂田１丁目
青堀,富津市大堀
大貫,富津市千種新田
佐貫町,富津市亀田
上総湊,富津市湊
竹岡,富津市萩生
浜金谷,富津市金谷
保田,安房郡鋸南町保田
安房勝山,安房郡鋸南町竜島
岩井,南房総市市部
富浦,南房総市富浦町原岡
那古船形,館山市船形
館山,館山市北条
九重,館山市二子
千倉,南房総市千倉町瀬戸
千歳,南房総市千倉町白子
南三原,南房総市和田町松田
和田浦,南房総市和田町仁我浦
江見,鴨川市西江見
太海,鴨川市太海
八丁堀,中央区八丁堀３丁目
越中島,江東区越中島２丁目
潮見,江東区潮見２丁目
新木場,東京都江東区新木場一丁目5
葛西臨海公園,江戸川区臨海町６丁目
舞浜,浦安市舞浜
新浦安,浦安市入船１丁目
市川塩浜,市川市塩浜２丁目
二俣新町,市川市二俣新町
南船橋,船橋市若松２丁目
新習志野,習志野市茜浜２丁目
海浜幕張,千葉市美浜区ひび野
検見川浜,千葉市美浜区真砂４丁目
稲毛海岸,千葉市美浜区高洲３丁目
千葉みなと,千葉市中央区中央港１丁目
酒々井,印旛郡酒々井町酒々井
成田,成田市花崎町
空港第２ビル（第２旅客ターミナル）,千葉県成田市古込字古込1-1
成田空港（第１旅客ターミナル）,千葉県成田市三里塚御料牧場1-1
久住,成田市飯岡
滑河,成田市猿山
下総神崎,香取郡神崎町郡
大戸,香取市大戸川
佐原,香取市佐原イ
香取,香取市津宮
水郷,香取市一ノ分目
小見川,香取市小見川
笹川,香取郡東庄町笹川い
下総橘,香取郡東庄町石出
下総豊里,銚子市笹本町
椎柴,銚子市野尻町
東我孫子,我孫子市岡発戸
湖北,我孫子市中里
新木,我孫子市新木
布佐,我孫子市布佐
木下,印西市木下
小林,印西市小林
安食,印旛郡栄町安食
下総松崎,成田市大竹
十二橋,香取市津宮字黒須
潮来,潮来市あやめ１丁目
延方,潮来市延方字押立
鹿島神宮,鹿嶋市宮中
鹿島サッカースタジアム（臨）,茨城県鹿嶋市大字神向寺4980
祇園,木更津市祇園
上総清川,木更津市菅生
東清川,木更津市笹子
横田,袖ケ浦市横田
東横田,袖ケ浦市横田
馬来田,木更津市真里
下郡,君津市山本
小櫃,君津市末吉
俵田,君津市俵田
久留里,君津市久留里市場
平山,君津市平山
上総松丘,君津市広岡
上総亀山,君津市藤林
福俵,東金市福俵
東金,東金市東金
求名,東金市求名
与野,さいたま市浦和区上木崎１丁目
北浦和,さいたま市浦和区北浦和３丁目
蕨,蕨市中央１丁目
西川口,川口市並木町２丁目
川口,川口市栄町３丁目
東十条,北区東十条３丁目
王子,北区王子１丁目
上中里,北区上中里１丁目
大井町,品川区大井１丁目
大森,大田区大森北１丁目
蒲田,大田区蒲田５丁目
新子安,横浜市神奈川区子安通
下野花岡,塩谷郡高根沢町花岡
仁井田,塩谷郡高根沢町文挾
鴻野山,那須烏山市鴻野山
大金,那須烏山市大金
小塙,那須烏山市小塙
滝,那須烏山市滝
烏山,那須烏山市南２丁目
渋川,渋川市渋川
金島,渋川市川島
祖母島,渋川市祖母島
小野上,渋川市村上
小野上温泉,渋川市村上字塩川
市城,吾妻郡中之条町大字市城
中之条,吾妻郡中之条町伊勢町
群馬原町,吾妻郡東吾妻町原町
郷原,吾妻郡東吾妻町郷原
矢倉,吾妻郡東吾妻町矢倉
岩島,吾妻郡東吾妻町岩下
川原湯温泉,吾妻郡長野原町大字川原湯
長野原草津口,吾妻郡長野原町大字長野原
群馬大津,吾妻郡長野原町大字大津
羽根尾,吾妻郡長野原町大字羽根尾
袋倉,吾妻郡嬬恋村大字袋倉
万座・鹿沢口,吾妻郡嬬恋村大字鎌原
大前,吾妻郡嬬恋村大字大前
北高崎,高崎市大橋町
群馬八幡,高崎市八幡町
安中,安中市中宿
磯部,安中市磯部
松井田,安中市松井田町八城
西松井田,安中市松井田町新堀
横川,安中市松井田町横川
常陸青柳,ひたちなか市枝川
常陸津田,ひたちなか市津田
後台,那珂市後台
下菅谷,那珂市菅谷
中菅谷,那珂市菅谷
上菅谷,那珂市菅谷
南酒出,那珂市南酒出
額田,那珂市額田南郷
河合,常陸太田市上河合町
谷河原,常陸太田市磯部町
常陸太田,常陸太田市山下町
常陸鴻巣,那珂市鴻巣
瓜連,那珂市瓜連
静,那珂市下大賀
常陸大宮,常陸大宮市南町９６６
玉川村,常陸大宮市東野
野上原,常陸大宮市野上
山方宿,常陸大宮市山方
中舟生,常陸大宮市舟生堂下
下小川,常陸大宮市盛金
西金,久慈郡大子町大字西金
上小川,久慈郡大子町大字頃藤
袋田,久慈郡大子町袋田
常陸大子,久慈郡大子町大字大子
下野宮,久慈郡大子町大字下野宮
矢祭山,東白川郡矢祭町大字内川
東館,東白川郡矢祭町大字東舘
南石井,東白川郡矢祭町下石井
磐城石井,東白川郡矢祭町大字中石井
磐城塙,東白川郡塙町宮田
近津,東白川郡棚倉町大字寺山
中豊,東白川郡棚倉町大字流
磐城棚倉,東白川郡棚倉町大字棚倉
磐城浅川,石川郡浅川町大字浅川
里白石,石川郡浅川町里白石宿裏
磐城石川,石川郡石川町当町
野木沢,石川郡石川町大字中野
川辺沖,石川郡玉川村大字川辺
泉郷,石川郡玉川村大字小高
川東,須賀川市大字小作田
小塩江,須賀川市大字塩田
谷田川,郡山市田村町谷田川
磐城守山,郡山市田村町岩作
小田林,結城市小田林
結城,結城市結城
東結城,結城市大字結城
川島,筑西市伊佐山
玉戸,筑西市玉戸
下館,茨城県筑西市乙86
新治,筑西市新治
大和,桜川市高森
岩瀬,桜川市犬田
羽黒,桜川市友部
福原,笠間市福原
稲田,笠間市稲田
笠間,笠間市下市毛
宍戸,笠間市大田町
鶴田,宇都宮市西川田町
鹿沼,鹿沼市上野町
文挟,日光市小倉
下野大沢,日光市土沢
今市,日光市平ケ崎
日光,日光市相生町
高崎問屋町,高崎市貝沢町７１５番地
井野,高崎市井野町
新前橋,前橋市古市町
前橋,前橋市表町２丁目
前橋大島,前橋市天川大島町１３２４-３
駒形,前橋市小屋原町
伊勢崎,伊勢崎市曲輪町３丁目
国定,伊勢崎市国定町
岩宿,みどり市笠懸町阿左美
桐生,桐生市末広町
小俣,足利市小俣町
山前,足利市鹿島町２丁目
足利,足利市伊勢町
あしかがフラワーパーク,栃木県足利市迫間町
富田,足利市駒場町
佐野,佐野市若松町
岩舟,栃木県栃木市岩舟町静
大平下,栃木県栃木市大平町富田
栃木,栃木市河合町１丁目
思川,小山市大字松沼
群馬総社,前橋市総社町植野
八木原,渋川市八木原
敷島,渋川市赤城町敷島
津久田,渋川市赤城町津久田
岩本,沼田市岩本町
沼田,沼田市清水町
後閑,利根郡みなかみ町後閑
上牧,利根郡みなかみ町上牧
水上,利根郡みなかみ町鹿野沢
湯檜曽,利根郡みなかみ町湯桧曽
土合,利根郡みなかみ町湯桧曽
土樽,南魚沼郡湯沢町大字土樽字古屋敷
越後中里,南魚沼郡湯沢町大字土樽
岩原スキー場前,南魚沼郡湯沢町字中子
越後湯沢,南魚沼郡湯沢町大字湯沢
石打,南魚沼市上野
大沢,南魚沼市大沢
上越国際スキー場前,南魚沼市樺野沢１１１-５
塩沢,南魚沼市塩沢
六日町,南魚沼市六日町
五日町,南魚沼市五日町
浦佐,南魚沼市浦佐
八色,南魚沼市五箇
越後堀之内,魚沼市堀之内
北堀之内,魚沼市下島
越後川口,新潟県長岡市東川口693-1
小千谷,小千谷市ひ生
越後滝谷,長岡市滝谷町
宮内,長岡市宮内３丁目
長岡,長岡市城内町２丁目
甲斐小泉,北杜市長坂町小荒間
甲斐大泉,北杜市大泉町西井出
清里,北杜市高根町清里
野辺山,南佐久郡南牧村野辺山
信濃川上,南佐久郡川上村大字御所平
佐久広瀬,南佐久郡南牧村大字広瀬
佐久海ノ口,南佐久郡南牧村大字海ノ口
海尻,南佐久郡南牧村大字海尻
松原湖,南佐久郡小海町大字豊里
小海,南佐久郡小海町大字小海
馬流,南佐久郡小海町大字東馬流
高岩,南佐久郡佐久穂町穂積
八千穂,南佐久郡佐久穂町穂積
海瀬,南佐久郡佐久穂町海瀬
羽黒下,南佐久郡佐久穂町平林
青沼,佐久市入沢
臼田,佐久市下越
龍岡城,佐久市田口
太田部,佐久市大字太田部
中込,佐久市大字中込
滑津,佐久市大字中込
北中込,佐久市大字中込
岩村田,佐久市岩村田
佐久平,佐久市大字長土呂１４８８番地
中佐都,佐久市大字長土呂
美里,小諸市大字市字土橋
三岡,小諸市森山
乙女,小諸市東山
東小諸,小諸市小原
小諸,小諸市相生町
篠ノ井,長野市篠ノ井布施高田
今井,長野市川中島町今井２９６番地
川中島,長野市川中島町上氷鉋
安茂里,長野市安茂里
長野,長野市大字栗田１０３８番地
直江津,上越市東町１丁目
黒井,上越市頸城区西福島
犀潟,上越市大潟区犀潟
土底浜,上越市大潟区土底浜
潟町,上越市大潟区潟町
上下浜,上越市柿崎区上下浜
柿崎,上越市柿崎区柿崎
米山,柏崎市米山町
笠島,柏崎市大字笠島
青海川,柏崎市大字青海川
鯨波,柏崎市鯨波１丁目
柏崎,柏崎市駅前１丁目
茨目,柏崎市茨目２丁目
安田,柏崎市大字安田
北条,柏崎市大字本条
越後広田,柏崎市大字旧広田
長鳥,柏崎市大字西長鳥
塚山,長岡市西谷
越後岩塚,長岡市飯塚
来迎寺,長岡市来迎寺
前川,長岡市上前島町
北長岡,長岡市城岡２丁目
押切,長岡市池之島
見附,見附市本所２丁目
帯織,三条市帯織
東光寺,三条市大字金子新田
三条,三条市南新保
東三条,三条市東三条１丁目
保内,三条市大字上保内
加茂,加茂市加茂駅前
羽生田,南蒲原郡田上町羽生田字根廻
田上,南蒲原郡田上町田上
矢代田,新潟市秋葉区矢代田
古津,新潟市秋葉区朝日
さつき野,新潟市秋葉区北上
荻川,新潟市秋葉区中野３丁目
亀田,新潟市江南区東船場１丁目
越後石山,新潟市東区石山
新潟,新潟市中央区花園１丁目
東新潟,新潟市東区中島
大形,新潟市東区岡山
新崎,新潟市北区新崎１丁目
早通,新潟市北区早通
豊栄,新潟市北区白新町１丁目
黒山,新潟市北区太田
佐々木,新発田市上中沢
西新発田,新発田市富塚町１丁目
豊野,長野市豊野町豊野
信濃浅野,長野市豊野町浅野
立ケ花,長野県長野市豊野町蟹沢
上今井,中野市上今井
替佐,中野市豊津
蓮,飯山市大字蓮
飯山,飯山市大字飯山
北飯山,飯山市大字飯山
信濃平,飯山市大字常盤
戸狩野沢温泉,飯山市大字照里
上境,飯山市大字一山
上桑名川,飯山市大字照岡
桑名川,飯山市大字照岡
西大滝,飯山市大字照岡
信濃白鳥,下水内郡栄村大字豊栄
平滝,下水内郡栄村大字豊栄
横倉,下水内郡栄村大字北信
森宮野原,下水内郡栄村大字北信
足滝,中魚沼郡津南町大字上郷寺石
越後田中,中魚沼郡津南町大字上郷上田
津南,中魚沼郡津南町大字外丸
越後鹿渡,中魚沼郡津南町字三箇
越後田沢,十日町市田中
越後水沢,十日町市大字馬場
土市,十日町市大字新宮
十日町,十日町市丑
魚沼中条,十日町市大字中条旭町
下条,十日町市下条４丁目
越後岩沢,小千谷市大字岩沢
内ケ巻,新潟県小千谷市大字川井
東柏崎,柏崎市小倉町
西中通,柏崎市大字山本
荒浜,刈羽郡刈羽村字正明寺
刈羽,刈羽郡刈羽村大字刈羽
西山,柏崎市西山町和田
礼拝,柏崎市西山町礼拝
石地,柏崎市西山町別山
小木ノ城,三島郡出雲崎町大字小柿
出雲崎,三島郡出雲崎町大字大門字滝谷林
妙法寺,長岡市村田
小島谷,長岡市小島谷
桐原,長岡市寺泊五分一
寺泊,長岡市寺泊竹森
分水,燕市大武新田
粟生津,燕市下粟生津
南吉田,燕市吉田西太田
吉田,燕市吉田
北吉田,燕市吉田宮小路
岩室,新潟市西蒲区和納
巻,新潟市西蒲区巻甲
越後曽根,新潟市西蒲区川崎
越後赤塚,新潟市西区赤塚
内野西が丘,新潟市西区内野崎山
内野,新潟市西区内野町
新潟大学前,新潟市西区坂井砂山４丁目
寺尾,新潟市西区寺尾上
小針,新潟市西区小針南台
青山,新潟市西区浦山１丁目
関屋,新潟市中央区関屋大川前２丁目
白山,新潟市中央区白山浦２丁目
松本,松本市深志１丁目
北松本,松本市白坂１丁目
島内,松本市大字島内青島４５８７
島高松,松本市大字島内
梓橋,安曇野市豊科高家
一日市場,安曇野市三郷明盛
中萱,安曇野市三郷明盛
南豊科,安曇野市豊科
豊科,安曇野市豊科
柏矢町,安曇野市穂高柏原
穂高,安曇野市穂高
有明,安曇野市穂高北穂高
安曇追分,安曇野市穂高北穂高
細野,北安曇郡松川村細野
北細野,北安曇郡松川村細野
信濃松川,北安曇郡松川村赤芝
安曇沓掛,大町市大字常盤区須沼
信濃常盤,大町市大字常盤区下一本木
南大町,大町市大町字大新田
信濃大町,大町市大字大町
北大町,大町市大字大町字荒沢
信濃木崎,大町市大字平字木崎
稲尾,大町市大字平字道下
海ノ口,大町市大字平字下海道
簗場,大町市大字平
南神城,北安曇郡白馬村大字神城
神城,北安曇郡白馬村大字神城
飯森,北安曇郡白馬村大字神城字飯森
白馬,北安曇郡白馬村大字北城四ツ谷
信濃森上,北安曇郡白馬村大字北城
白馬大池,北安曇郡小谷村大字千国
千国,北安曇郡小谷村大字千国
南小谷,北安曇郡小谷村大字千国
弥彦,西蒲原郡弥彦村大字弥彦
矢作,西蒲原郡弥彦村大字矢作
西燕,燕市大字東太田字花見
燕,燕市本町２丁目
燕三条,三条市下須頃
北三条,三条市元町
広丘,塩尻市大字広丘野村
村井,長野県松本市村井町南一丁目36-14
平田,松本市平田西１６２番地
南松本,松本市出川町
田沢,安曇野市豊科田沢
明科,安曇野市明科中川手
西条,東筑摩郡筑北村西条
坂北,東筑摩郡筑北村坂北
聖高原,東筑摩郡麻績村漆田
冠着,東筑摩郡筑北村坂井大野田
姨捨,千曲市大字八幡
稲荷山,長野市篠ノ井塩崎
青山,盛岡市青山２丁目２番４０号
厨川,盛岡市厨川１丁目１７番地
巣子,岩手県滝沢市巣子290-8
滝沢,岩手県滝沢市野沢90
渋民,盛岡市玉山区下田字陣場６５番地
岩手川口,岩手郡岩手町字川口９番地
御堂,岩手郡岩手町大字五日市４番地
奥中山高原,二戸郡一戸町大字中山字大塚７６番地
小繋,二戸郡一戸町大字小繋字西田子３番地
小鳥谷,二戸郡一戸町大字小鳥谷字中屋敷１番地
一戸,二戸郡一戸町西法寺字稲荷
斗米,二戸市米沢字沢内１７６番地
金田一温泉,二戸市金田一字水梨１４番地
目時,三戸郡三戸町大字目時字村中１２番地
三戸,三戸郡南部町大字大向
諏訪ノ平,三戸郡南部町大字玉掛
剣吉,三戸郡南部町剣吉
苫米地,三戸郡南部町苫米地
北高岩,八戸市大字上野
陸奥市川,八戸市市川町
下田,上北郡おいらせ町境田
向山,上北郡おいらせ町向山
三沢,三沢市犬落瀬
小川原,上北郡東北町大浦
上北町,上北郡東北町上野
乙供,上北郡東北町字上笹橋
千曳,上北郡東北町字大平
狩場沢,東津軽郡平内町大字狩場沢
清水川,東津軽郡平内町大字清水川
小湊,東津軽郡平内町大字小湊
西平内,東津軽郡平内町大字小豆沢
浅虫温泉,青森市浅虫
野内,青森市大字野内
矢田前,青森市矢田前字本泉
小柳,青森市小柳字唐橋
東青森,青森市大字古館字安田
筒井,青森県青森市筒井
盛,大船渡市盛町字東町裏
陸前赤崎,大船渡市赤崎町字大洞
綾里,大船渡市三陸町綾里字宮野
恋し浜,岩手県大船渡市三陸町綾里字小石浜
甫嶺,大船渡市三陸町越喜来字甫嶺
三陸,大船渡市三陸町越喜来字肥田
吉浜,大船渡市三陸町吉浜字上野
唐丹,釜石市唐丹町字片岸
平田,釜石市平田町４地割
両石,釜石市両石町
鵜住居,釜石市鵜住居町
大槌,上閉伊郡大槌町本町
吉里吉里,上閉伊郡大槌町吉里吉里
浪板海岸,上閉伊郡大槌町吉里吉里10
岩手船越,下閉伊郡山田町船越
織笠,下閉伊郡山田町織笠
陸中山田,下閉伊郡山田町川向町
豊間根,下閉伊郡山田町豊間根
払川,宮古市津軽石第13地割336番3
津軽石,宮古市大字津軽石5-60
八木沢・宮古短大,宮古市八木沢第一地割1番3
磯鶏,宮古市磯鶏石崎13
山口団地,岩手県宮古市山口三丁目
一の渡,宮古市崎山
佐羽根,宮古市大字田代
田老,宮古市田老小林
新田老,宮古市田老字館が森155-7
摂待,宮古市田老摂待
岩泉小本,下閉伊郡岩泉町小本
島越,下閉伊郡田野畑村松前沢
田野畑,下閉伊郡田野畑村和野
普代,下閉伊郡普代村銅屋
白井海岸,下閉伊郡普代村白井
堀内,下閉伊郡普代村馬場野
野田玉川,九戸郡野田村大字玉川
十府ヶ浦海岸,岩手県九戸郡野田村大字野田第10地割中沼10-3
陸中野田,九戸郡野田村大字野田
陸中宇部,久慈市宇部町
上大月,大月市大月２丁目
田野倉,都留市田野倉
禾生,都留市古川渡
赤坂,都留市四日市場
都留市,都留市つる１-１２-１
谷村町,都留市上谷１丁目
都留文科大学前,都留市田原２-６５４
十日市場,都留市十日市場
東桂,都留市桂町
三つ峠,南都留郡西桂町小沼
寿,富士吉田市上暮地
葭池温泉前,富士吉田市下吉田
下吉田,富士吉田市新倉
月江寺,富士吉田市緑ケ丘１丁目
富士山,富士吉田市松山
富士急ハイランド,南都留郡富士河口湖町船津字剣丸尾
河口湖,南都留郡富士河口湖町船津
魚沼丘陵,南魚沼市野田
美佐島,十日町市猿倉
しんざ,十日町市新座
まつだい,十日町市松代
ほくほく大島,上越市大島区下達
虫川大杉,上越市浦川原区虫川
うらがわら,上越市浦川原区顕聖寺
大池いこいの森,上越市頸城区大蒲生田
くびき,上越市頸城区手島
春日山,上越市大字木田
高田,上越市仲町４丁目
南高田,上越市大字下中田
北新井,妙高市柳井田町
新井,妙高市栄町
南伊東,伊東市桜が丘町１
川奈,伊東市川奈字出口
富戸,伊東市富戸字的場
城ヶ崎海岸,静岡県伊東市富戸字四辻下
伊豆高原,伊東市八幡野
伊豆大川,賀茂郡東伊豆町大川字川原田
伊豆北川,賀茂郡東伊豆町奈良本字宮ノ上
伊豆熱川,賀茂郡東伊豆町奈良本字浜田
片瀬白田,賀茂郡東伊豆町白田字墹下
伊豆稲取,賀茂郡東伊豆町稲取字出口
今井浜海岸,賀茂郡河津町見高字中浜
河津,賀茂郡河津町浜字中耕地
稲梓,下田市落合字道庭
蓮台寺,下田市河内山ノ瀬
伊豆急下田,下田市東本郷１
